{
  "val_accuracy": 0.9706336855888367,
  "val_loss": 0.1257214993238449
}